<?xml version="1.0" encoding="UTF-8"?>
<beans xmlns="http://www.springframework.org/schema/beans"
    xmlns:xsi="http://www.w3.org/2001/XMLSchema-instance"
    xsi:schemaLocation="http://www.springframework.org/schema/beans
        https://www.springframework.org/schema/beans/spring-beans.xsd">
        
        <!-- 1.关联数据库配置文件 -->
        <context:property-placeholder location="classpath:database.properties"/>
       
        <!-- 2.连接池
        	dbcp:半自动化操作，不能自动连接
        	c3p0:自动化操作（自动化的加载配置文件，并且可以自动设置到对象中）
        	druid:
        	hikari:
         -->
        <bean id="dateSource" class="com.mchange.v2.c3p0.ComboPooledDataSource">
        	<property name="driverClass" value="${driver}"/>
        	<property name="jdbcUrl" value="${url}"/>
        	<property name="user" value="username"/>
        	<property name="password" value="password"/>
        	
        	<!-- c3p0连接池的私有属性 -->
        	<property name="maxPoolSize" value="30"/>
        	<property name="minPoolSize" value="10"/>
        	<!-- 关闭连接后不自动commit -->
        	<property name="autoCommitOnClose" value="false"/>
        	<!-- 获取连接超时时间 -->
        	<property name="checkoutTimeout" value="10000"/>
        	<!-- 当获取连接失败重试次数 -->
        	<property name="acquireRetryAttempts" value="2"/>
        </bean>
        
        <!-- 3.sqlSessionFactory -->
        <bean id="sqlSessionFactory" class="org.mybaits.spring.SqlSessionFactoryBean">
        	<property name="dataSource" ref="dataSource"/>
        	<!-- 绑定mybatis的配置文件 -->
        	<property name="configLocation" value="classpaht:mybatis-config.xml"/>
        </bean>
        
        <!-- 配置dao接口扫描包，动态的实现了Dao接口可以注入到Spring容器中 -->
        <bean class="org.mybatis.spring.mapper.MapperScannerConfigurer">
        	<!-- 注入 sqlSessionFactory -->
        	<property name="sqlSessionFactoryBeanName" value="sqlSessionFactory"/>
        	<!-- 要扫描的dao包 -->
        	<property name="basePackage" value="com.bms.dao"/>
        </bean>
        
</beans>