<?xml version="1.0" encoding="UTF-8"?>
<!DOCTYPE configuration
PUBLIC "-//mybatis.org//DTD Config 3.0//EN"
"http://mybatis.org/dtd/mybatis-3-config.dtd">
<configuration>
	<!--引入外部properties文件  -->
	<properties resource="jdbc.properties"></properties>
	<typeAliases>
		<package name="com.bms.entity"/>
	</typeAliases>
	<environments default="mysql">
		<environment id="mysql">
			<transactionManager type="JDBC"/>
			<dataSource type="POOLED">
				<property name="driver" value="${driver}"/>
				<property name="url" value="${url}"/>
				<property name="username" value="${username}"/>
				<property name="password" value="${password}"/>
			</dataSource>
		</environment>
	</environments>
	<mappers>
		<mapper resource="com.bms.dao.BookMapper"/>
	</mappers>
</configuration>